product_id,name_template,productcategoryname,service
3030,Référencement ( SEO ),Digital,Projects
4065,Déploiement et paramétrage,Serveur,SI
4062,SAV (SLA) ERP Pack Basic,ERP,Projects
4063,SAV (SLA) ERP Pack Pro,ERP,Projects
4007,Switch TP-link 16 port,Matériel,SI
2689,E-mailing,Digital,Projects
2687,Casque Jabra 620 Mono,All products,SI
2711,VPN Backbone 2 Mbps,Hébergement,SI
2688,Casque Jabra BIS360,All products,SI
2692,Logotype ,Digital,Projects
2690,TONER HP 85A,All products,SI
2691,charges comunes 15%,All products,SI
2693,BRISTOL UNI BLANC A4 180G 100F**,All products,SI
2694,HP 8GB 2Rx4 PC3-10600R-9 Kit,All products,SI
2695,TONER LASER 36A,All products,SI
4008,ARMOIRE 24U ,Matériel,SI
4064,SAV (SLA) ERP Pack Premium,ERP,Projects
4066,SOPHOS - Email Protection Advanced,Matériel,SI
2768,Onduleur professionnel,Matériel,SI
2832,Casque Jabra 620 Mono,Matériel,SI
2722,Gestion documentation Ã©lectronique ,All products,SI
2723,Honoraires d'assistance comptable,All products,SI
2724,@ IP,All products,SI
3840,Infogérance Gold,Infogérance,SI
4067,Développement fonctionnelle ERP,ERP,Projects
4068,OfficeProPlus 2019,Office 365,SI
4044,SOPHOS - ES150 Email Appliance,Matériel,SI
2762,Portail Dynamique ( Développement web ),Développement web,Projects
2757,Service Traduction ,Digital,Projects
2755, DVD ou CD,All products,SI
3073,CONCEPTION WEB,Digital,Projects
3066,REVENDEUR 4,Hébergement,SI
2758,Print ,All products,SI
2761,RÃ©fÃ©rencement ,All products,SI
2765,AP-105-MNT - AP-100 SERIES MOUNT KIT,All products,SI
4069,Infogérance Bronze Office 365,Office 365,SI
2782,BanniÃ¨re publicitaire ,All products,SI
2783,Ranking Site,All products,SI
2784,CLE USB WIFI D-LINK REF/DWA-131,All products,SI
2786,Enregistrement - Transfert - Renouvellement Nom de domaine .tv .name .cc .mobi .tel .dz,Hébergement,SI
2787,CD intÃ©ractif MultimÃ©dia ,All products,SI
2789,test,All products,SI
2793,Backup every day to other machine 2,All products,SI
2794,End-point protection,All products,SI
2795,IntÃ©gration,All products,SI
2815,Développement,Digital,Projects
4070,Infogérance Silver Office 365,Office 365,SI
2810,Licence Anti-virus Pare-feu: bloque les attaques des pirates informatiques Pare-feu: sécurise vos données personnelles Pare-Feu:,All products,SI
2811,"Serveur NAS, pour 5 Disque SATA 3",All products,SI
2818,Hébergement 250 Go Espace Disque 250 Go trafic 5000 Go/mois 500 E-mails 500 Bases de donnée Panneau de contrôle Un nom de domain,Hébergement,SI
2812,Disque dure SATA : 1 To,All products,SI
4071,Infogérance Gold Office 365,Office 365,SI
4075,LOCATION DE VEHICULE,Achat,Marketing
4074,Basic Support/Subscription VMware vSphere 6 Standard for 1 processor for 1 year,Serveur,SI
3592,Remise,All products,SI
2857,Infogérance Silver ,Infogérance,SI
3302,Service,All products,SI
2837,Logotype : - Charte graphique web complète.,Digital,Projects
2835,charges comunes 15%,All products,SI
2836,REVUE bimensuelle Vouloir,All products,SI
2838,Formation Diplomante: Développeur Web et attestation des études collégiales (3ème) tranche Au profit de: Mr AOUFI Hamza Mr BELBA,All products,SI
2850,IP adresse publique,Serveur,SI
2839,RAM EXTRA BLANC 80GR F A4,All products,SI
4077,Serveur Privé VM ( EG) VPS,Serveur,SI
2861,Serveur Privé VM ( MG) VPS DZ ( Algérie ),Serveur,SI
2862,Ligne téléphonique fixe 021 10 05 19,All products,SI
2868,VPN,Hébergement,SI
2863,Ligne téléphonique fixe 021 10 05 06,All products,SI
2866,"Disque Dur 3""5-3T-SATA-64M Cache- Western Digital- Green- WD30EZRSDTL",All products,SI
2908,Formation du portail dynamique,Développement web,Projects
4089,Power BI,Office 365,SI
4080,Serveur Privé VM ( XG ),Serveur,SI
4081,KASPERSKY Total Security for Business,Sécurité,SI
4088,Licence web application,Hébergement,SI
4084,jabra,All products,SI
4078,Serveur Privé VM ( MG) VPS,Serveur,SI
2889,"KVM : Reboot, Monitoring",All products,SI
2890,Clé WIFI Intex,All products,SI
2893,AP-105-MNT - AP-100 SERIES MOUNT KIT,All products,SI
2948,"Diagnostic : détection, audit",Digital,Projects
4079,Serveur Privé VM ( HG) VPS,Serveur,SI
4082,Logitech Group,Matériel,SI
3680,site web dynamique,All products,SI
4085,SMS,All products,SI
2918,SEM LA CONSTRUCTION D BUSINESS PLAN DU 10 AU 12/02/2014,All products,SI
2920,Récup 5% année 2013,All products,SI
2921,Ticket de deux jours pour le salon Euroshop,All products,SI
4083,Logitech BCC950,Matériel,SI
4086,Licence ERP Odoo Entreprise,ERP,Projects
4076,VISIO CONFERENCE,Digital,Projects
2965,Module Project,ERP,Projects
2971,DNS : Gestion DNS - Entrée A - Pointage. - Clusturing DNS. - Création base de donnée DNS.,Hébergement,SI
2963,Module Comptabilité Algérienne configuration,ERP,Projects
2951,CONTRAT DE LOCATION BUREAUX ANPT,All products,SI
2966,Formation Portail dynamique : - Formation d'utilisation portail - Assistance d'utilisateur. - Suivi. - Déplacement.,Développement web,Projects
2952,Samsung GT E1205T,All products,SI
2953,"Frais d'installation Business avec caution N° Contrat: E00873057, N° SIM: 219257419844, N° MSISDN: 770767720",All products,SI
2954,Caution,All products,SI
3769,Hebergement hôtel,Achat,Marketing
3136,Séance photo pour un site pro ( Shooting ),Digital,Projects
2974,POC Messagerie et collaboration - Installation et configuration de Zimbra Collaboration Server - Mise en marche de la solution -,Hébergement,SI
2993,Formation des modules : ERP,ERP,Projects
2981,SITE WEB E-COMMERCE,Digital,Projects
2985,Module sur ERP,ERP,Projects
2972,Audit réseau : - la segmentation avec préconisation d'un plan d'adressage - Recherche des failles de sécurité et de configuratio,All products,SI
2975,LTE 4G ( 5 GO ),All products,SI
3021,Hébergement Plan Professionnel,Hébergement,SI
3011,Portail développement spécifique,Développement web,Projects
3001,Serveur HP DL380 Gen8 E5-2630 V2,Matériel,SI
2960,GED : Gestion électronique documentaire,All products,SI
3016,Campagne E-mailing,Digital,Projects
3014,Enregistrement - Transfert - Renouvellement Nom de domaine .tv .name .cc .mobi .tel .dz,Hébergement,SI
2999,Windows Serveur Standard 2012 DVD,All products,SI
3002,"Disque dur interne 3""5 Sata III HDD WESTERN DIGITAL 4To-RED -WD40EFRX",All products,SI
3019,Licences d'application : cPanel,Hébergement,SI
3003,HDD 300GB SAS 15rpm,All products,SI
3950,Module ERP,ERP,Projects
4090,Visio Online P1,Office 365,SI
3038,VPS 2,Serveur,SI
3022,"Bannière publicitaire : - Conception, design. - Support de bannière. - Mise en place.",All products,SI
3023,"Ranking Site, programmation du script : - Par catégorie. - Ciblage pays. - Programmation script. - Supprt rank.",All products,SI
3047,SLA ( Service Level Agreement ) Site Web,Développement web,Projects
3041,Certificats SSL wildcard,SSL,SI
3037,Serveur Privé VM ( EG) VPS DZ ( Algérie ),Serveur,SI
4087,Licence Utilisateur Odoo Entreprise,ERP,Projects
3046,Intégration ,Achat,Marketing
3008,Hébergement Plan Particulier,Hébergement,SI
2747,Sécurisation des machines serveurs et l'infrastructure d'entreprise - Installation et configuration de base du Firewall ,Hébergement,SI
3043,"Service for every day to other machine 2, and machine 2 have firewall that no machine can connect to machine2, for more security",All products,SI
3049,REVENDEUR 2,Hébergement,SI
3048,REVENDEUR 1,Hébergement,SI
3044,end-point protection. - Complete end-point protection. - File server protection. - Scans all the traffic your servers can handle,All products,SI
2997,Migration vers un plan supérieur,Hébergement,SI
3040,Certificats SSL123,SSL,SI
3050,REVENDEUR 3,Hébergement,SI
3061,Hebergement ,All products,SI
3032,Hébergement Plan Entreprise,Hébergement,SI
2970,ERP SaaS,ERP,Projects
2669,Disque dure SATA,Matériel,SI
4091,Visio Online P2,Office 365,SI
2773,Enregistrement - Transfert - Renouvellement Nom de domaine .com,Hébergement,SI
2869,Serveur HP Proliant ML110-G7/ ERP,Matériel,SI
2666,charte graphique,All products,SI
2667,Frais dÃ©placement,All products,SI
2668,E-Commerce,All products,SI
2670,Serveur NAS,All products,SI
3065,ANNULEE,All products,SI
3078,Photographie de la boite de production et mannequins ,All products,SI
2919,LOCATION SALLE DE REUNION,All products,SI
3024,Hébergement Plan Moyenne Entreprise,Hébergement,SI
3072,SITE WEB  : -un site web personnalisé et paramétrable -Gestion intuitive de votre catalogue de produits -commandes en,All products,SI
4095,SLA gestion du contenu,Développement web,Projects
3075,Data,All products,SI
3081,CAFETERIA MATIN,All products,SI
4092,SERVEUR DEDIE ALL IN ONE,Serveur,SI
4094,PACK ERP PREMIUM + BI,ERP,Projects
4097,Office 365 (A3) Faculté,Office 365,SI
3076,Module Réservation en ligne ,All products,SI
4096,Microsoft Office 365 (A1) Éducation,Office 365,SI
3079,Achat des images sur des portails 10 images ,Digital,Projects
4098,Office 365 (A3) étudiant,Office 365,SI
3077,Module Visite Guidé ,All products,SI
3082,serveur,All products,SI
3083,PACK1 : Séminaire de 2  jours «  leadership  » du 06/07 Juin 2015,All products,SI
3105,Location salle de réunion,All products,SI
3118,tablette youth 2,All products,SI
3131,"Disque dur interne 3""5sata 111 HDD western",All products,SI
4099,Office 365 (A5) étudiant,Office 365,SI
3117,borne tactile ,All products,SI
3123,billet d'avion:lallaoua,All products,SI
4100,Office 365 (A5) Faculté,Office 365,SI
4101,"Email Advanced Malware Protection 3YR Lic Key, 1K-1999 Users",Cisco,SI
3119,timbre fiscal,All products,SI
3120,IMPRIMANTE HP LASERJET P1606DN Laser ,All products,SI
3121,location salle deréunion,All products,SI
3125,acer travelmateEX25104 GoRAM500Godisq,All products,SI
4103,"Service maintenance SafeNet Trusted Access Premium - Single Unit Capacity, 24x7 Support Pack 100.0 users",All products,SI
3493,Microsoft Office 365 (E3),Office 365,SI
3122,billet d'avion:belbachir,All products,SI
3129,Honoraires d'assistance comptable déclaration,All products,SI
3133,INTERNET 08MB/S,All products,SI
4102,"Safenet Trusted Access - Single unit capacity, 24x7 Support 12 Month Pack 100.0 users",All products,SI
3124,billet d'avion:chibane,All products,SI
3132,SERVEUR dédié 1,All products,SI
4104,service maintenance Token.mobilepass (IOS & ANDRIOD).software.SAS-Cloud.CAPEX Pack 100.0 users,All products,SI
3126,"lenovo B50-70 2 Go 500 disque 15,6 pouces",All products,SI
3127,local à usage de bureau,All products,SI
2976,Certificat SSL EV Extended,SSL,SI
3128,charges communes 15,All products,SI
3130,"110+MB/sec Reading,72+MB/SEC wRITING CP",All products,SI
2927,cartouche noir CE278A pour imprimante Hp Laser Jet 1536 dnf MPF,All products,SI
3162,Hébergement serveur ECO FIRSTns203.Netissime.dz+licence CPANEL,Achat,Marketing
3163,Hébergement serveur ECO +ns202.netissime.dz,All products,SI
3164,CTV,All products,SI
3169,"Presse Nationale, Presse électronique, réseaux sociaux...etc surveillance 360° de tous les concurrents. surveillance de nouveaux",All products,SI
3166,AASTRA 6730 i SIP,Saleable,SI
3165,TUAR + ONDA,All products,SI
3167,AASTRA HIGH ANGLE STAND,All products,SI
3193,Licence Windows Serveur Standard 2012,Microsoft,SI
3184,SERVEUR DEDIE ALGERIE,Serveur,SI
3168,Droit timbre publicité,All products,SI
3170,Frais d'agence,All products,SI
3171,Carnet de 50 bons de carburant auto,All products,SI
3172,prestation carnets tac naftal,All products,SI
3173,cafétaria matin,All products,SI
3208,DEVELOPPEMENT,Digital,Projects
3195,Enregistrement - Transfert - Renouvellement Nom de domaine spécial,Hébergement,SI
3196,Depot de la marque GED,All products,SI
3197,Taxe par classe de produits,All products,SI
3198,Dépot de la marque ERP,All products,SI
3199,Depot de la marque EMAILING,All products,SI
3200,Windows Server 2012 Standard R2 FRENCH APK,All products,SI
2845,"E-Learning : 1.Gestion des cours (PDF, Word, EXCEL, et autre format) 2.Gestion des vidéos (en ligne, et en streaming). 3.Gestion",All products,SI
3225,Disque dur externe de 1 To Western Degital,All products,SI
3035,E-SMS : ,All products,SI
3228,Dell inspirion core-i5-4G500gb-DVD RW Intel HD graphics,All products,SI
3224,Cable USB/RS232,All products,SI
3226,Licence kaspersky pack de PCs 2015,All products,SI
3263,Hebergement serveur Premium ns312.netissime.dz,All products,SI
3264,Hebergement serveur First ns311.netissime.dz+licenceCPANEL,All products,SI
3265,Licence serveur VPS 82.196.25.4,All products,SI
3266,Licence serveur VPS 82.196.25.3,All products,SI
3267,pack huawei y221,All products,SI
3269,traitement des salaires -juil-15 aout-15 sept-15,All products,SI
3270,Service,All products,SI
3271,Etude concurrencielle pour l'entreprise  AYRADE,All products,SI
3273,bouteille d'eau ,All products,SI
3080,Développement de l’application mobile ,Tous les articles / Digital / Développement mobile,Projects
3303,SERVEUR HP Proliant ML 10 Gen9,Matériel,SI
3316,Projet d'Organisation et de Mise à niveau,All products,SI
3331,remplacement courroie alternateur,All products,SI
3332,remplacement plaquette de frein,All products,SI
3334,montant des options,All products,SI
3335,hebergement serveur premium ns200.netissime.dz+licence cpanel,All products,SI
3336,hebergement serveur netissime first ns203.netissime.dz,All products,SI
3340,hebergement serveur netissime premium ns 312.netissime.dz,All products,SI
3345,licences serveur vps 92.39.251.179,All products,SI
3339,hebergement serveur netissime premium ns 305.netissime.dz,All products,SI
3350,Site dynamique,Digital,Projects
3342,hebergement serveur premium ns316.netissime.dz,All products,SI
3343,,All products,SI
3356,Microsoft Office 365 (E1),Office 365,SI
3009,Site vitrine ,Digital,Projects
3373,Service Professionnel Office ,Office 365,SI
3344,licences serveur vps 82.196.25.6,All products,SI
3372,DEMANI KAMILA.ALG-CBH-ALG.Billet n°124 2405 280 842,All products,SI
3359,serveur hp ml 110-G7 intel@xeon E3-1220 3.10GHz 4x4GB1xTO DVD-RW 1x350W EU,All products,SI
3361,Kaspers total securité 05 postes,All products,SI
3363,CABLES Rj 3 metres45,All products,SI
3375,LOGICIEL KGT inclus paramétrage,All products,SI
3376,SERVEUR DELL inclus licence windows,All products,SI
3358,Étude fonctionnelle ERP,ERP,Projects
3352,639261-425 ML110-G7 Intel®Xeon E3-1220,All products,SI
3381,Souris sans fil optique,All products,SI
3384,sous chemise different couleur,All products,SI
3388,fiche bristol uni a4,All products,SI
3423,autocollant noir avec découpe,All products,SI
3424,"chargeur HP. V19,5. A 4,62",All products,SI
3433,cartouche filtrante,All products,SI
3437,Prestation de service (recouvrement de créances).,All products,SI
3425,convertisseur HDMI-VGA,All products,SI
3426,filtre à l'huile,All products,SI
3431,joint,All products,SI
3439,Tableau blanc dim 120x180 ref 1092,All products,SI
3442,Nettoyant d'ecran liquide 100ml ref 3241,All products,SI
3427,rondelle etancheité,All products,SI
3428,bougie,All products,SI
3440,Lingette pour tableaux blanc de 100pcs ref 3244,All products,SI
3429,filtre à air,All products,SI
3434,bougie allumage,All products,SI
3430,revision vehicule,All products,SI
3432,FVOI prot tfch 15w40,All products,SI
3441,Brosse magnétique pour tableau blanc + 2 rechanges ref 3014,All products,SI
3435,remplacement filtre à air,All products,SI
3436,remplacent bougie d'allumage,All products,SI
3454,Mise en forme de site web,Digital,Projects
3453,Création et optimisation du contenu,Digital,Projects
3438,Tableau blanc dim 120x180 ref 10,All products,SI
3443,creation des domaines esraya.fr et sraya.fr,All products,SI
3444,Téléphone mobile Samsung SM-N920C Galaxy Note 5,All products,SI
3446,Rédaction A propos ,All products,SI
3025,Hébergement Plan Grande Entreprise,Hébergement,SI
2809,Messagerie - migration,Hébergement,SI
3464,origination international,All products,SI
3502,Support CAE 1 18 06 /2016,All products,SI
3457,Conception site web,All products,SI
3459,conception 4 sites web + intégration contenue,All products,SI
3460,Charte graphique PRV,All products,SI
3461,Téléphone mobil Samsung,All products,SI
3368,PACK ERP PRO,ERP,Projects
2864,Serveur Privé VM ( HG) VPS DZ ( Algérie ),Serveur,SI
3468,charges d'exploitation de 15%,All products,SI
3469,Support CAE 1 18/05/2016,All products,SI
3470,Support CAE 1 14/05/2016,All products,SI
3471,DEHMANI KAMILA.ALG-CBH-ALG.Billet n°1242405280842,All products,SI
3472,Hebergement PD pour BELBACHIR Mohamed Lamine ref 00565,All products,SI
3473,Billet BELBACHIR Mohamed Lamine ALG-FRA-ALG,All products,SI
3474,BELBACHIR Mohamed Lamine ALG-PAR-ALG Billet n°4392404242776. classe T/T,All products,SI
3475,hebergement serveur premium ns316.netissime.dz(12720DZD)+1adresse IP,All products,SI
3476,1032hebergement serveur pro ns322.netissime.dz(10320 DZD),All products,SI
3477,Frais installation Business 3G avec caution,All products,SI
3478,Total caution,All products,SI
3516,BUKEELA,Achat,Marketing
3515,integration des pages,All products,SI
3521,APC Smart-UPS RT 19 Rail Kit for Smart-UPS RT 3/5/6/7.5/10kVA,All products,SI
3525,TONER HP NOIR PACK DE 2 TONERS P 1566/P1606/M1536,All products,SI
3526,TONER NOIRE 1300 pages (P/27)pr M176/177-130A,All products,SI
3530,"SACOCHE HP 15,6""(39,62cm)",All products,SI
3533,TONER Magenta-1000pages(P/27)prM176/177-130A,All products,SI
2891,HP LaserJet Pro M225dn,All products,SI
3537,service,All products,SI
3538,Formation: pratique de la paie,All products,SI
3543,hebergemenr serveur first ns201.netissime.dz+licence cpanel,All products,SI
3547,conception site transmect,All products,SI
3519,Accommodation et restauration,All products,SI
3520,DULSAO DO BRASIL,Achat,Marketing
3536,Diner complet,All products,SI
3541,Prestation carnets TAC NAFTAL,All products,SI
3522,organisation international,All products,SI
3529,TONER Magenta-1000pages(P27)prM176/177-130A,All products,SI
3531,SOURIS HP OPTIC USB Pour PC,All products,SI
3540,TVA sur autres prod§Prest.17%,All products,SI
3523,organisational,All products,SI
3524,IMPRIMANTE HP LASERJET MULTIFONCTION PRO M225DN A4 NOIR CNB9H4V6KG,All products,SI
3528,TONER Jaune-1000pages(P/27)prM177-130A,All products,SI
3527,TONER Cyan-1000pages(P/27)prM176/177-130A,All products,SI
3534,support CAE1 18 06/2016,All products,SI
3539,Carnet de 25 bons de carburant auto,All products,SI
3542,licence serveur vps 82.196.25.123,All products,SI
3546,Batterie 50 ah,All products,SI
3532,TONER NOIRE-1300pages(P27)prM176/177-130A,All products,SI
3535,support CAE1 14 06/2016,All products,SI
3544,hebergement serveur pro ns506.datagix.com,All products,SI
3548,conception site laiterie de DBK,All products,SI
2933,Hébergement d'un serveur (Housing),Serveur,SI
3565,Microsoft Office 365 (E5),Office 365,SI
3563,Paramétrage utilisateur (Alger) ,Hébergement,SI
3564,Paramétrage utilisateur (hors Alger) ,Hébergement,SI
3549,Debours(local CA-E2-06,All products,SI
3550,Debours(local CA-E1-06),All products,SI
3585,HP ProLiant ML310e Gen8 v2,Matériel,SI
3586,Office 365 Business Essentials,Office 365,SI
3583,Office 365 Business Premium,Office 365,SI
3603,VPS SSD ,Serveur,SI
3584,Ligne spécialisée arrivée,All products,SI
3601,Retenue de garantie,All products,SI
3587,hebergement serveur premium ns 507.datagix.com,All products,SI
3588,licence serveur physique 82.196.25.121,All products,SI
3605,SERVEUR DEDIE SSD L,Serveur,SI
3606,SERVEUR DEDIE SSD XL,Serveur,SI
3607,SIEM,Hébergement,SI
2803,VPS 1,Serveur,SI
3604,SERVEUR DEDIE SSD S,Serveur,SI
3613,Sous chemise différent couleur,All products,SI
3614,Souris optique sans fil 3GV-TRACK Noir,All products,SI
3615,"Cable VGA 1,5 ml",All products,SI
3616,Bloc note ,All products,SI
3617,Registre 3 mains 5*5 288 pages,All products,SI
3455,PACK ERP PREMIUM ,ERP,Projects
3456,PACK ERP BASIC,ERP,Projects
3416,HP ProLiant DL380 Gen9 E5-2620v3,Matériel,SI
3618,Spirale souple 20mm noir,All products,SI
3619,Spirale souple 14 mm noir,All products,SI
3620,Spirale souple 16 mm noir,All products,SI
3621,Boite DVD vide noir double GM,All products,SI
3636,Litige ligne 02110050610351,All products,SI
3638,litige ligne02110051,All products,SI
3639,joint diam 16,All products,SI
3648,Flash disk 16 GO,All products,SI
3649,Batterie pour Laptop HP PROBOOK 4530S,All products,SI
3641,commutater eclairage,All products,SI
3642,commutateur eclairage,All products,SI
3644,remplacement filtre à air,All products,SI
3643,main d'oeuvre forfait,All products,SI
3645,remplacement roulemen,All products,SI
3646,remplacement commutateur eclairage,All products,SI
3647,KASPERSKY TOTAL SECURITE,All products,SI
3658,INISSIA D40 EU2 Black Nespress,Achat,Marketing
3662,Participation au Forum SIT ,Achat,Marketing
3675,Licences d'application : Plesk Panel,Hébergement,SI
3684,Compte G-Suite Basic,Hébergement,SI
3650,SONY XPERIA X DUAL,All products,SI
3651,Mise à niveau de l'organisation et définition des fonctions,All products,SI
3652,hebergement serveur first  ns203.Netissime.dz.+ licence CPANEL,All products,SI
3653,Hebergement Discount WIN,All products,SI
3654,Location serveur First WINDOWS(7.680DZD) ayradewindows.datagix.com 82.196.25.113,All products,SI
3686,conception des pages,Achat,Marketing
3687,Développement API,All products,SI
3688,Pack sur mesure,Achat,Marketing
3690,litige 023202025,All products,SI
3689,litige 02110519,All products,SI
3627,Plan Hébergement Premium,Hébergement,SI
3691,SERVEUR DE STOCKAGE NAS NETGEAR,Matériel,SI
3692,Contrat d'abonnement ligne téléphonique du 01/06/2017 au 31/05/2018,All products,SI
3698,Frais de transport ,All products,SI
3693,Réparation climatiseur,All products,SI
3736,Réparation et nettoyege de ventilo,All products,SI
3741,SWITCH D-LINK 8 PORTS 10/100Mbps DES-108A,All products,SI
3743,PRISE RJ45 PROG MOSAIC CAT5e FTP BLANC,All products,SI
3745,OBTURATEUR PROGRAMME MOSAIC,All products,SI
3748,CableFTP CATS 305M,All products,SI
3750,Ram 4Go pour LAPTOP,All products,SI
3758,Modération permanente,Digital,Projects
3776,IP Load Balancer,Hébergement,SI
3737,Toner compatible hp 35A/85A/78A/725/728,All products,SI
3782,Stylo noir,All products,SI
3783,Porte stylo,All products,SI
3789,"Feutre bleu,vert et rouge",All products,SI
3790,Agenda note book,All products,SI
3792,Corbeille,All products,SI
3784,Agraffeuse,All products,SI
3785,Tapis de souris,All products,SI
3791,corbeille,All products,SI
3795,Stand aménagé en m2 à HIMAYATIC 2017,All products,SI
3786,Post-it couleur,All products,SI
3793,VPS CLOUD 1,All products,SI
3794,Passerelles GSM Ericsson G35,All products,SI
3819,Template WORDPRESS,Digital,Projects
3823,Sponsoring Pack 1 ,Réseaux sociaux,Marketing
3813,Licence Sql server 2012 ,Microsoft,SI
3787,Scotch,All products,SI
3788,Agenda 2018,All products,SI
3796,camera IP D-LING AUDIO VISUEL,All products,SI
3797,Pointeuse,All products,SI
3798,Cable cat 5 E UTP,All products,SI
3799,Prise RG 4,All products,SI
3827,Service d'hèbergement dans le data center dz Janvier 2018,All products,SI
3828,Service d'hébergement dans le data center dz mars 2018,All products,SI
3833,Reprise & correction des erreurs,All products,SI
3834,Installation,All products,SI
3830,Analyse de l'existant détaillée ERP,All products,SI
3836,Analyse de l'existant détaillée ERP,All products,SI
3837,GIFTY 41000,All products,SI
3839,Infogérance Bronze,Infogérance,SI
3843,Clé wifi Totilink 300,All products,SI
3859,SALON 04 PLACES EN SIMILI CUIR,All products,SI
3867,imprimante a badge Smart 30S,Matériel,SI
3841,Pack 4 toners,All products,SI
3842,REVENDEUR 3,All products,SI
3844,Disque dur 500 G 2.5,All products,SI
3845,Disque dur 1 To SATA 3.,All products,SI
3846,Cable pc,All products,SI
3892,Zimbra Collaboration Suite Perpetuel,All products,SI
3893,Zimbra Collaboration Suite - Support,All products,SI
3901,Baie de stockage QNAP TS-228,All products,SI
3910,HP Proliant ML30 Gen9,All products,SI
3894,Services professionnels d'ingénierie (Zimbra),All products,SI
3899,consommation electrique  tranche 2,All products,SI
3906,Développement spécifique des modules sur ERP,All products,SI
3895,Migration de la version Odoo,ERP,Projects
3907,QNAP TS-253A SERVEUR NAS DEUX DISQUES,Matériel,SI
3900,fd,All products,SI
3909,CA- E1-06,All products,SI
3911,ESCENE WS290 IP PHONE ,All products,SI
3916,SERVEUR FUJITSU,Matériel,SI
3917,Formation Office 365,Office 365,SI
3896,Redevance de consommation électrique,All products,SI
3897,consommation electrique tranche 2,All products,SI
3898,consommation electrique tranche 3,All products,SI
3902,Baie de stockage QNAP TS-228 avec 4To,All products,SI
3903,taxe habitation,All products,SI
3904,location d'un stand d'exposition,All products,SI
3918,cpanel,All products,SI
3941,Windows 10 Professionnel,Microsoft,SI
3935,Serice périodique 1000 véhicule Diésel CONTROLE GENERAL VIDANGE HUILE MOTEUR REMPLACEMENT FILTRE A HUILE,All products,SI
3944,Courses,All products,SI
3958,Option workflow conditionnel - 5 utilisateurs + 1 an de maintenance ,GED,Marketing
3960,1 Licence Open Bee™ Scan (par Poste supplémentaire) + 1 an de maintenance ,GED,Marketing
3959,1 Licence ERP Manager + 1 an  de maintenance ,GED,Marketing
3961,1 Licence Open Bee™ Scan Barcode Manager par poste  + 1 an de maintenance,GED,Marketing
3962,Fourniture et configuration d'un pare-feu ( Firewall ) ,Matériel,SI
3936,Service périodique 10000 véhicule Diesel : CONTROLE GENERAL VIDANGE HUILE MOTEUR REMPLACEMENT FILTRE A HUILE,All products,SI
3938,CARTOUCHE,All products,SI
3957,1 utilisateur supplémentaire (de 100 à 499),GED,Marketing
4014,1 Licence Open Bee™ Scan LAD Manager par poste + 1 an de maintenance,GED,Marketing
4015,"1 Licence OCR Arab ""par poste scan """,GED,Marketing
4016,Licence Open Bee Formulaire ,GED,Marketing
4017,1 an de contrat de maintenance logicielle supplémentaire (20 % aditionnel),GED,Marketing
4018,Service d'installation sur site (1 jour/Frais de déplacement & hébergement non inclus),GED,Marketing
4019,Audit documentaire sur site + rédaction du CDC (1 jour/Frais de déplacement & hebergment non inclus),GED,Marketing
3956,Pack Open Bee™ Portal - 5 utilisateurs + 1 an de maintenance,GED,Marketing
4020,Service de Formation et acompagnement sur site (1 jour/Frais de déplacement & hébergement non inclus),GED,Marketing
3984,Stylo à bille vertex bleu,All products,SI
3985,Stylo à bille vertex noir,All products,SI
3989,Rouleau scotch de bureau 19x20,All products,SI
3990,Corbeille à papier metallique ronde,All products,SI
3992,Rame de 100 slides neutres X.ONE A4 140mic pour relieure,All products,SI
3993,Rame de papier bristol FABS 180g A4 100 feuille blanche,All products,SI
4033,Frais de montage de pieces de rechange véhicule de service,All products,SI
4036,Accompagnement,All products,SI
4039,FRAIS DE REMBOURSEMENT BILLET ALGER-JIJEL MR LALLAOUA AMIN,All products,SI
4058,PACK ESSENTIAL,ERP,Projects
2776,MARQUEUR PERMANENT PENTEL,All products,SI
2777,Business,All products,SI
2778,SWITCH 5 PORT TP-LINK 10/100Mbps REF:TL-SF1005D,All products,SI
2779,HP 300GB 10K 6G 2.5 SAS DP HDD,All products,SI
2780,PublicitÃ© sur le rÃ©seau,All products,SI
3063,UTMWWBP,All products,SI
3064,UTMWEMP,All products,SI
3070,TVA SUR AUTRES PROD & PREST ,All products,SI
2849,Repas Complét Boisson Comprise,All products,SI
3829,Sponsoring Pack 2 ,Réseaux sociaux,Marketing
4034,Exchange Online Plan 1 ,Office 365,SI
4041,Spot publicitaire,Digital,Projects
3181,Community Management Pack Bronze,Réseaux sociaux,Marketing
4059,Community Management Pack Silver,Réseaux sociaux,Marketing
4060,Community Management Pack Gold,Réseaux sociaux,Marketing
4042,Sponsoring Pack 3,Réseaux sociaux,Marketing
2696,KASPERSKY 3 POSTES 2013/ 1 AN,All products,SI
2698,INTERNET 08 MB/S,All products,SI
2699,Travaux de tirage des Ã©tats financiers 2012,All products,SI
2700,InfogÃ©rance ,All products,SI
2701,Processeur HP E5620 DL380G7 Kit,All products,SI
2702,IntÃ©gration et implÃ©mentation ,All products,SI
2708,"Boitier Serveur SYNOLOGY 2HDD 3""5 DS212J",All products,SI
2709,"Disque Dur 3""5-3T-SATA-64M Cache- Western Digital- Green- WD30EZRSDTL",All products,SI
2710,ContrÃ´le d'accÃ©s Digital Ã  empreinte WP300,All products,SI
2713,Onduleur APC ,All products,SI
2714,ADDAPTATEUR TP-LINK PCI USB SANS FIL 300 MBPS TL-WN821N,All products,SI
2715,Repas ComplÃ©t Boisson Comprise,All products,SI
2716,ANTENNE TP-LINK EXTERIEURE WIFI DIRECTIONNELLE 2.4 GHZ 14 DBI TL-ANT2414B,All products,SI
2717,ANTENNE TP-LINK INTERIEUR OMNI DIERCTIONNELLE 2.4 GHZ 8 DBI TL-ANT2408CL,All products,SI
2718,Cachet Trodat 9413,All products,SI
2719,adaptateur TP-LINK PCI USB SANS FIL 300MBPS TL-WN821N,All products,SI
2720,CLE WIFI TYPE INTEX : 16 DBI,All products,SI
2721,HÃ©bergement hÃ´tel chambre simple,All products,SI
2712,Matériel Serveur ML110-G7,All products,SI
2923,sacoche portable,All products,SI
4061,Bain d'huile,All products,SI
2725,MICRO PORTABLE NP370R5E-S03DZ,All products,SI
2726,debours electricitÃ©,All products,SI
2727,Participation au workshop Mini MBA,All products,SI
2728,WORKSHOP MINI MBA,All products,SI
2729,Fourniture et installation serveur CSBox d'une capacitÃ©e: 4Lignes RTC/30 linges internes,All products,SI
2730,Offre d'emploi diffusion pendant 8 semaines,All products,SI
2731,Ensemble directionnel type GALILEE comprenant,All products,SI
2733,enveloppe F15,All products,SI
2734,station de travail ,All products,SI
2735,RAM DE PAPIER A4,All products,SI
2737,ClÃ© WIFI Intex,All products,SI
2740,Licences d'application,All products,SI
2741,Backup SaaS,All products,SI
2742,Kaspersky Endpoint Security for Business ,All products,SI
2743,Onduleur APC Smart-UPS CA 380/400/415 V,All products,SI
2745,FAXING ,All products,SI
2746,SERVEUR HP DL 380 G6 INTEL XEON QUAD 2.26 GHZ ,All products,SI
2748,Serveur HP Proliant,All products,SI
2749, forma,All products,SI
2750,IAP,All products,SI
2751,MICRO HP,All products,SI
2752,KASPERSKY INTERNET SECURITY 3 POSTES 2013,All products,SI
2764,DELL PowerEdge R210,All products,SI
2766,micro portable,All products,SI
2769,Relooking ,All products,SI
2770,MULTIPRISE EATON 6 SORTIES,All products,SI
2771,PD-3501G-AC - 1 Port 802.3af PoE Midspan 10/100/1000 15.4W,All products,SI
2772,MAINT - ARUBA - Support et mise Ã  jour logicielle d'une annÃ©e,All products,SI
2774,Formation Diplomante,All products,SI
2775,RAM EXTRA BLANC 80GR F A4,All products,SI
2763,E-SMS ,All products,SI
2797,Email server protection,All products,SI
2799,Licence Anti-virus,All products,SI
2800,TAXE DE SÃ©JOUR,All products,SI
2806,Mise a jour,All products,SI
2813,Onduleur professionnel 4 KVA + batterie,All products,SI
2814,Relooking : - Changement charte de graphique selon la maquette souhaitée. - Intégration CSS 2. - Programmation selon les normes ,All products,SI
2816,Formation diplomante : Développeur web + AEC ( diplôme canadien ),All products,SI
2817,Billet d'avion,All products,SI
2819,"Réseau : Installation, paramétrage du réseau, mise en service.",All products,SI
2820,Hébergement : stations,All products,SI
2822,Local à usage de bureau,All products,SI
2823,Nettoyage des bureaux administratifs,All products,SI
2824,Droit d'inscription forfaitaire,All products,SI
2825,Frais de participation au 14 ème SIFTECH Salon International du Futur Technologique,All products,SI
2826,Stand aménagé couvert,All products,SI
2827,Hébèrgement hôtel,All products,SI
2828,"Formation ayant pour thème ""ITIL V3 FOUNDATION"" Nombre de participant : 01 Dates de formation: 17-18-19/12/2012 Durée de formati",All products,SI
2829,Business,All products,SI
2830,Business Control,All products,SI
2831,Casque Jabra 150 Mono,All products,SI
2833,Casque Jabra BIS360,All products,SI
2834,TONER HP 85A,All products,SI
2840,BRISTOL UNI BLANC A4 180G 100F**,All products,SI
2841,MARQUEUR PERMANENT PENTEL,All products,SI
2842,TONER LASER 36A,All products,SI
2843,KASPERSKY 3 POSTES 2013/ 1 AN,All products,SI
2846,Honoraires d'assistance comptable Déclaration fiscales Tenue de comptabilité avr 13 mai 13 juin 13,All products,SI
3102,Data,All products,SI
2848,INTERNET 08 MB/S,All products,SI
2851,Kaspersky Endpoint Security for Business - Select Protection pour postes de travail et Serveurs de Fichiers. Période de validité,All products,SI
2853,Travaux de tirage des états financiers 2012,All products,SI
2855,"MICRO PORTABLE NP370R5E-S03DZ INTEL CORE I5 RAM 6 GB DISQUE DUR 750 GB ECRAN 15.6""",All products,SI
2856,HP 8GB 2Rx4 PC3-10600R-9 Kit,All products,SI
2859,Intégration et implémentation : - Système d'exploitation Linux CentOs 6.x ( Redhat ). - Apache/2.2.23 - Mysql 5.x - PHP ver 5.3.,All products,SI
2860,Ligne téléphonique fixe 023 20 20 25,All products,SI
2858,HP DL380 Gen9 E5-2620v3 Kit,All products,SI
2854,"HP ProLiant DL380 G9 E5-2620v3 (2.4GHz/6-core/15MB), P440ar/2 Go FBWC, 4x1GbE, 2x16 Go, 8*HDDs 300Go SAS 10K",All products,SI
2852,APC Smart-UPS 5000VA 230V Rackmount/Tower,All products,SI
2867,Contrôle d'accés Digital à empreinte WP300,All products,SI
2870,Onduleur APC : 500 VA,All products,SI
2872,ANTENNE TP-LINK EXTERIEURE WIFI DIRECTIONNELLE 2.4 GHZ 14 DBI TL-ANT2414B,All products,SI
2873,ANTENNE TP-LINK INTERIEUR OMNI DIERCTIONNELLE 2.4 GHZ 8 DBI TL-ANT2408CL,All products,SI
2874,Cachet Trodat 9413,All products,SI
2875,adaptateur TP-LINK PCI USB SANS FIL 300MBPS TL-WN821N,All products,SI
2876,CLE WIFI TYPE INTEX : 16 DBI.,All products,SI
2877,Hébergement hôtel chambre simple,All products,SI
2878,debours electricité,All products,SI
2879,Participation au workshop Mini MBA,All products,SI
2880,Fourniture et installation serveur CSBox d'une capacitée: 4Lignes RTC/30 linges internes,All products,SI
2881,Offre d'emploi diffusion pendant 8 semaines,All products,SI
2882,Ensemble directionnel type GALILEE comprenant: plan de travail en demi lune 240*110 avec sous main en similicuire et porte clavi,All products,SI
2884,enveloppe F15,All products,SI
2886,WORKSHOP MINI MBA,All products,SI
2887,TAXE DE SéJOUR,All products,SI
2888,RAM DE PAPIER A4,All products,SI
2924,Poste additionnel en réseau,All products,SI
2871,ADDAPTATEUR TP-LINK PCI USB SANS FIL 300 MBPS TL-WN821N,All products,SI
2885,Station de travail EliteOne 800 HP,All products,SI
2865,"Boitier Serveur SYNOLOGY 2HDD 3""5 DS212J",All products,SI
2883,"installation, configuration et mise en service",All products,SI
2892,"IAP-105 - Aruba Instant 105 Wireless Access Point, 802.11abgn, dual-band, dual radio, integrated antennas.",All products,SI
2894,micro portable HP650 Intel Core I3 Ram 4Go Disque Dur 500 Go Ecran 15.6 + Sacoche REF/B6N13EA/BH4,All products,SI
2895,MULTIPRISE EATON 6 SORTIES,All products,SI
2896,SWITCH 5 PORT TP-LINK 10/100Mbps REF:TL-SF1005D,All products,SI
2897,CLE USB WIFI D-LINK REF/DWA-131,All products,SI
2898,PD-3501G-AC - 1 Port 802.3af PoE Midspan 10/100/1000 15.4W,All products,SI
2899,MAINT - ARUBA - Support et mise à jour logicielle d'une année,All products,SI
2900,BlackBerry Manager,All products,SI
2901,Formule intégrale,All products,SI
2902,AGENDA JOURNALIER NOTE BOOK 2014 A BOTTON DIF COUL,All products,SI
2903,echancier,All products,SI
2904,AGENDA NOTE BOOK 2014 A BOTTON,All products,SI
2905,"STYLOS SERIGRAPHIE RECTRACTABLE NOIR ""TECHNO""",All products,SI
2906,griffe trodat 4911,All products,SI
2907,griffe trodat 4912,All products,SI
2909,Chemises à rabat pelliculage pat avec découpage papier 350 grs,All products,SI
2910,Carte de visite,All products,SI
2911,"MICRO PORTABLE ACER INTEL CORE I3-2348M RAM 4GB DISQUE DUR 500GB ECRAN 15.6""",All products,SI
2912,"PORTE FOLIO NOIR ""TECHNO"" REF: 3872",All products,SI
2913,PORTE FOLIO ROUGE RED -BR EXTRAVAG REF : AN-7758 A4Z,All products,SI
2914,"MICRO PORTABLE FUJITSU LB A532 NG/I5-3210M RAM 4GB DISQUE DUR 500GB GRAVEUR DVD ERAN 15.6""",All products,SI
2915,"MICRO PORTABLE HP2 CORE I3-3110M 2.4 GHZ RAM 4GO DDR3 DISQUE DUR 500GB GRAVEUR DVD ECRAN 15.6"" REF/E9P66EA/BHA",All products,SI
2916,Mr BELBACHIR:MOHAMED LAMINE Chambre single Hotel Mercure Hagen Du 17/02/2014 au 21/02/2014,All products,SI
2917,Casque 550 MONO USB,All products,SI
2922,chopes magiques customisés,All products,SI
2925,Assistance et mise à jour forfétaire pour une année,All products,SI
2926,Hp laserjet M1120n MFP,All products,SI
2928,forfait Business 18H,All products,SI
2929,"PC Portable HP ProBook 4540s,Prosseseur intel core i3-3110M ( 2,40 Ghz, 3 Mo de mémoire cache, 2 cores), ram : 4Go DDR3, Disque ",All products,SI
2930,Toner Noir HP Laser Jet 1566/1606/ M1536dnf,All products,SI
2931,TAPIS DE SOURIS LOGITEC 18*22 PM REF 490504 142367,All products,SI
2932,CLAVIER MULTIMEDIA USB 'SCOOP' REF 470694,All products,SI
2934,PRESENTOIR DOCUMENT DOUBLE FACE CRISTAL A4 'TECHNO ' REF 2987,All products,SI
2935,MODULE DE CLASSEMENT DE 05 TIROIRS NOIR 'TECHNO ' REF 1709,All products,SI
2936,ECRAN DE PC PLAT 19 POUCE _NVP,All products,SI
2937,DVD-R PRINCO 4.7 GB 120 MIN 16X REF 300611,All products,SI
2938,SOURIS OPTIQUE USB 'MAC TECH ' REF 250143,All products,SI
2939,PORTE CARTE VISITE COMIX 240 CARTES REF 1610,All products,SI
2940,exam RHCSA (Examen + pause café),All products,SI
2941,TP-LINK TL-WN,All products,SI
2942,TP LINK TL-WN 722 N,All products,SI
2943,"Maintenance : software serveur : - Paramétrage. - Sécurité. - Configuration. - Mise en service. - Suivi, test, recette.",All products,SI
2944,PRESENTOIR EN PLEXI A4 DE 04 CASES _NVP,All products,SI
2945,ENCRE A TAMPON BLEU 'FABS ' REF 9131003,All products,SI
2946,PRESENTOIR EN PLEXI A4 DE 03 CASES _NVP,All products,SI
2947,ECRAN LED+TV 24° SAMSUNG,All products,SI
2956,"Formation pour la prise en main rapide Modules : - Gestion des projets - Comptabilité Algérienne, - RH + Gestion de la paie, - A",All products,SI
2958,BACKUP Serveur : monthly ( mensuel ) : 30 sauvegardes.,All products,SI
2959,Solution SMS : - Clé SMS. - Application SMS. - Licence application.,All products,SI
2961,Formation de la solution GED,All products,SI
2962,Déploiement et paramétrage,All products,SI
3098,"Table de r réunion pour 12 pers dim: 4,20x1,70m",All products,SI
3099,"Table de réunion réunion pour 12 pers dim: 4,20x1,70m",All products,SI
2967,- Introduction aux CMS -introduction à WordPress -Notions de bases en PHP/mySQL -Back end et gestion du contenu -Architecture d',All products,SI
2968,Formation PHP/MySQL - Introduction à PHP - Découpage d'une page web - Les variables - Les conditions - Les boucles - Les fonctio,All products,SI
2969,Option : - 4 Go RAM. - 200 Go Disque.,All products,SI
2950,Garantie et support technique de la solution  356 jours. ,All products,SI
2949,Formation de la solution E-Learning,All products,SI
2964,Module RH avec paie Algérienne configuration,All products,SI
2957,BACKUP : WEEKLY ( Hébdomadaire ) ( 100 Go ),All products,SI
2977,"Tablette Samsu,g Galaxy Tab SM T 531 black",All products,SI
2979,Habillage véhicule : impression découpe pose,All products,SI
2986,Modem DLink 300 Mbps,All products,SI
2987,Armoire 12 pouces,All products,SI
2988,"Poste :TECHNICO-COMMERCTAL 1. Sélection ; 2, Recrutement; 3. Accompognement.",All products,SI
2989,FRAIS DE l'INAPI,All products,SI
2990,FRAIS DE L'INAPI,All products,SI
2991,FRAIS DE DEPLACEMENT,All products,SI
2992,Sac avec sérigraphie,All products,SI
2994,Windows Server Standard 2012R2 SNGL OLP NL open,All products,SI
2995,ARTICLE DE BUREAU ET CONSOMMABLE,All products,SI
2996,"Table de réunion pour 12 pers dim: 4,20x1,70m",All products,SI
2983,RAM 8 GO,All products,SI
2984,Video Projecteur EPSON S18 3000Lm SVGA HDMI,All products,SI
2980,INTERVENTION REVISION,All products,SI
2998,"HP ProLiant MicroServer Gen8 G2020T 1P 4GB-U Server/GO Processor Intel® Pentium® G2020T (2 core, 2.5 GHz, 3MB, 35W), Ultra Micro",All products,SI
2973,Accompagnement dans la rédaction d'une charte du bon usage des ressources informatiques,All products,SI
3100,Table de réunion,All products,SI
2978,Intervention ingénieur jour /homme junior,Hébergement,SI
3004,""" Applicatif : surveillance de toutes les solutions et applications hébergés sur votre infrastructure. "" OS : surveillance de to",All products,SI
3005,Borne tactile 22?? model LYS,All products,SI
3006,"MICRO HP I3 RAME 4GO DISQUE DUR 500GO ECRAN 15.6""",All products,SI
3007,KASPERSKY INTERNET SECURITY 3 POSTES 2013,All products,SI
3017,HP 300GB 10K 6G 2.5 SAS DP HDD,All products,SI
3020,"Publicité sur le réseau, Internet. - Ciblage pays. - Ciblage age. - Annonces.",All products,SI
3015,CD intéractif Multimédia,All products,SI
3018,Messagerie SaaS,All products,SI
3000,"HP ProBook 440 G3 Intel® Core™ i5‐6200U 4 Go de mémoire SDRAM SATA 500 Go, 7200 tr/min Ecran LED HD (14 pouces) 1366 x 768 FREED",All products,SI
3027,"FAXING : - Solution clé en main. - Une application fournie. - Envoi a partir de votre PC. - Forma de fichier word, PDF, texte.",All products,SI
3028,SERVEUR HP DL 380 G6 INTEL XEON QUAD 2.26 GHZ RAM 2 *2 GO 2 DISQUE DUR SAS 146 GO 10 000 TR/MIN CONTROLEUR HP SMART ARRAY GESTIO,All products,SI
3029,Sécurisation des machines serveurs et l'infrastructure d'entreprise - Installation et configuration de base du Firewall : - Prép,All products,SI
3031,DVD ou CD. - boitier CD. - Jaquette. - Conception de la maquette Jaquette. - Gravage et finalisation.,All products,SI
3034,Print : - Flashage - papier 150 gr intérieur - papier 250 gr couverture - Réalisation et conception de la maquette - Finalisatio,All products,SI
3036,"DELL PowerEdge R210 INTEL® XEON® X3430, 2,4 GHZ, cache de 8 Mo, TURBO 4 Go (1X4Go), 1333 MHz, UDIMM à accès double PERC H200 Ada",All products,SI
3042,License Windows server 2008,All products,SI
3069,CARNET DE50 BONS CARBURANTS AUTO,All products,SI
3071,PRESTATION CARNET TAC NAFTAL,All products,SI
3026,"Plan + 20 000 Mo et comptes e-mail illimités sur le plan - Solution anti-spam et anti-virus professionnelle - Alias collecteur, ",All products,SI
3101,Data,All products,SI
3045,Email server protection. - Capably handles unlimited mailboxes. - Central management. - Saves time and costs of individual deplo,All products,SI
3062,UTMWNWP,All products,SI
3051,SITE STATIQUE,All products,SI
2671,Conseil,All products,SI
2672,Formation diplomante ,All products,SI
2673,Billet d'avion,All products,SI
2674,HÃ©bergement 250 Go,All products,SI
2676,standard,All products,SI
2677,HÃ©bergement,All products,SI
2679,Local Ã  usage de bureau,All products,SI
2681,Droit d'inscription forfaitaire,All products,SI
2682,Frais de participation au 14 Ã¨me SIFTECH,All products,SI
2683,Stand amÃ©nagÃ© couvert,All products,SI
2685,Business Control,All products,SI
2686,Casque Jabra 150 Mono,All products,SI
2680,Nettoyage des bureaux administratifs,All products,SI
2675,Maintenance par poste,All products,SI
2665,Administrateur des systèmes,All products,SI
2684,"Formation ayant pour thème  ""ITIL V3 FOUNDATION""",All products,SI
3084,MICRO PORTABLE DELL INS-3542 Intel Pentium 3805U QUAD Core,All products,SI
3085,gne téléphonique fixe 023 20 20 25,All products,SI
3086,Data,All products,SI
3087,Lenovo,All products,SI
3088,Ram DD,All products,SI
3089,LOCATION BORNE TACTILE 22 MODEL LYS,All products,SI
3090,CONSOMMATION,All products,SI
3091,Serveur dédié:hebergement machine D1,All products,SI
3092,IP@,All products,SI
3093,Assistance et mise à jour forfaitaire pour une,All products,SI
3094,Repas complet boisson comprise,All products,SI
3095,Salle de location ,All products,SI
3096,lOCATION SALLE DE R2UNION,All products,SI
3097,Location salle de réunion bon de Cde n°008,All products,SI
3103,Nettoyage des ,All products,SI
3104,serveur dédié2 hebergement machine,All products,SI
3107,charges communes 15,All products,SI
3108,ip@,All products,SI
3109,"impréssionA4,quadrichromie,papier couché",All products,SI
3110,Taxe pub,All products,SI
3111,Bandeau d'alimentation TELESYSTEM 19,All products,SI
3112,INTERNET,All products,SI
3113,IP@,All products,SI
3114,local à usage,All products,SI
3115,charges communes,All products,SI
3106,HP MicroServer Gen8,All products,SI
3134,IMPRIMANTE HP LASERJET P1606DN Laser Noir A4,All products,SI
3135,scanner,All products,SI
3137,"POST-75*75mm couleur fluorescent rose""info""80f",All products,SI
3138,"Machine à relier bindmate A4""GBC3",All products,SI
3139,Module news letter,All products,SI
3140,Module annonce ,All products,SI
3141,POST-,All products,SI
3142,MACHINE A RELIER BINDMATE A4 GBC REF 223473/4400399(223473),All products,SI
3143,rolido n°11(noir)TECHNO REF 0146(0146),All products,SI
3144,rolido,All products,SI
3145,cable reseau bonne qua de 5m cat 6 ref 002809(002809),All products,SI
3146,rame papier a4 hillal multicopy rouge 500f 80g ref 00112-0004(0012),All products,SI
3147,post-it 75x75mm couleurs fluorescent vert info 80f ref 5654-33 (5654-33) 965433,All products,SI
3148,rolido n°06(noir) techno ref 0150(0150),All products,SI
3149,dvd-r verbatim 16x/4.7 gb/120 min lightscribe ref 3643(3643),All products,SI
3150,rolido n°03(noir) techno ref 0159(0159),All products,SI
3151,post-it 75x75mm couleurs fluorescent jaune info 80f ref 5654-34 965434(5654-34 965434),All products,SI
3152,cartouche d'encre pourmarqueur tube noir 03g techno ref 2936 (2936),All products,SI
3153,pochette co simple pour 1 cd paque de 100 pcs ref 490017(490017),All products,SI
3154,LED 50 FULL HD,All products,SI
3155,SMART PHONE CONDOR C8S NOIR,All products,SI
3156,CONGELATEUR HORIZONTAL BLANC,All products,SI
3157,Hébergement serveur NETISSIME PREMIUM ns.netissime.dz,All products,SI
3158,Hébergement serveur FIRST ns201.Netissime.dz+licence CPANEL,All products,SI
3159,Hébergement serveur FIRSTns203.Netissime.dz+licence CPANEL,All products,SI
3260,Hebergement serveur ECO +ns202.netissime.dz,All products,SI
3160,LOCATION DE 6 ip pour le serveur ns 202.netissime.dz 1 ip/800 DZ donc 6x800=4800DZDD,All products,SI
3161,Hebergement serveur PREMIUM ns205.Netissime.dz+4 adresses ip,All products,SI
3174,hebergement hotel,All products,SI
3175,cafetaria matin,All products,SI
3176,Lenovo G50-70-Core-i5 421ou-4G-500Go DVD RW -Carte Grafique intel HD- Webcam-Wifi-FreeDos,All products,SI
3177,Memoire DDR3 SODIMM 4GO,All products,SI
3178,Scanner Canon CanoScan Lide 120,All products,SI
3179,Barette Memoire DDR3 Go pour laptop,All products,SI
2821,ERP ,All products,SI
3183,Module magazine en ligne ,All products,SI
3189,FORMATION ET MAINTENANCE INFORMATIQUE,All products,SI
3186,proces verbal de l'assemblé générale en langue francaise,All products,SI
3187,copie,All products,SI
3188,CRM,All products,SI
3190,traitement des salaires avril-mai-juin 2015,All products,SI
3192,CLIMATISEUR MOBILE 12000T1 NOIR,All products,SI
3194,Windows Serveur Standard 2012 DVD,All products,SI
3180,Switch CISCO SG-110 24 ports,All products,SI
3201,Windows Server 2012 Standard R2 FRENCH APK OEI DVD,All products,SI
3202,Renouvellement du contrat de location avec l'ANPT,All products,SI
3203,Acte notarié,All products,SI
3204,Enregistrement,All products,SI
3205,cachet,All products,SI
3206,"Serveur HP ML110-G7 E3-1220(8M Cache,3.10GHz) RAM 2X2GB B110i HDD 2X500GB LFF DVD-ROM ALIM 1X350W",All products,SI
3209,IMRPIME CHEQUE,All products,SI
3210,Netbook Acer Aspire E3-112,All products,SI
3212,Kit Clavier Souris LOGTIECH MK270 Sans Fil,All products,SI
3213,saida,All products,SI
3214,HP Prolinat Micro Serveur Gen 7 G2020T ip4GB,All products,SI
3216,"Complet : nettoyage de la carrosserie, les jantes, les vitres, les sièges, les plastiques, le coffre et l'aspiration.",All products,SI
3217,DEVELOPPEMENT LANGUE ,All products,SI
3218,DEVELOPPEMENT LANGUE ARABE,All products,SI
3220,Gestion de campagne de redirection Facebook,All products,SI
3219,Gestion de promotion de publication Facebook,All products,SI
3221,Gestion de campagne Google Display Network,All products,SI
3222,Gestion de Campagne Google Search,All products,SI
3223,location de la salle de reunion,All products,SI
3211,FORMATION ,All products,SI
3215,Module langue supplémentaire ,All products,SI
3227,Cable réseau R45 de 3m,All products,SI
3256,Cartes de visite r/v avec pelliculage mat,All products,SI
3230,licence kaspersky pack de 3 pcs,All products,SI
3231,cables réseaux r45 de 3m,All products,SI
3232,cartable laptop 15.6 pouces,All products,SI
3233,souris usb,All products,SI
3234,barrette memoire 4Go DDR3,All products,SI
3235,"EPSON GT-30000 A3 à plat AVEC CHARGEUR DE DOCS, Vitesse 0.4ms/ligne",All products,SI
3236,hebergement serveur first ns 201,All products,SI
3237,869hebergement serveur first ns 203,All products,SI
3238,350hebergement serveur eco+ns202,All products,SI
3239,location de 6 ip pour serveur ns 202,All products,SI
3240,hebergement serveur premium ns 205,All products,SI
3241,hebergement serveur premium ns 305,All products,SI
3242,sim pro control,All products,SI
3243,frais d'activation,All products,SI
3244,"PACK 2 : Séminaire de 3 jours «La gestion de la force de vente» le 03, 04 et 05 Octobre 2015 – Tout inclus",All products,SI
3245,Chambre single,All products,SI
3246,Chambre double,All products,SI
3247,divers,All products,SI
3248,location chambre hotel,All products,SI
3249,taxe promotionnelle,All products,SI
3250,Fauteuil directeur en simili cuire noir acc bois,All products,SI
3251,"Snap Up 2,40x3m(plat)",All products,SI
3252,"Rolleur up 1,50x2m",All products,SI
3253,"Rolleur up 0,85x2,10m",All products,SI
3254,Porte document filet,All products,SI
3255,Support Plasma,All products,SI
3257,Hebergement serveur Premium NS200.Netissime.dz + licence CPANEL,All products,SI
3258,Hebergement serveur First ns 201.Netissime.dz+licence CPANEL,All products,SI
3259,Hebergement serveurns203.Netissime.dz+licence CPANEL,All products,SI
3261,Location DE 6IP pour le serveur ns202.netissime.dz 1 ip/800 DZD,All products,SI
3262,Hebergement serveur Premium ns205.netissime.dz+4 adresses IP,All products,SI
3268,Carte de recharge 4 G LTE,All products,SI
3272,HOTESSE D'ACCEUIL,All products,SI
3274,TONER HP Laser,All products,SI
3275,puce ooredoo pro controle 056,All products,SI
3276,cotisation JIL FCE,All products,SI
3277,support et assistance technique,All products,SI
3278,Location d'une chambre single,All products,SI
3280,HP ENVY 15-K114NF,All products,SI
3281,Hebergement serveur First ns 311.netissime.dz + licence,All products,SI
3282,Hebergement serveur First ns201.Netissime.dz+licence CPANEL,All products,SI
3283,hEBERGEMENT SERVEUR fIRST NS203.nETISSIME.DZ+LICENCE cpanel,All products,SI
3284,Hebergement serveur ECO+ns202.netissime.dz,All products,SI
3285,Location de 6ip pour le serveur ns202.netissime.dz 1 IP/800DZD,All products,SI
3286,Hébergement serveur Premium ns 205.netissime.dz+4 adresses IP,All products,SI
3287,Hebergement serveur Premium ns305.netissime.dz+licence Cpanel,All products,SI
3288,Hébergement serveur First ns 311.netissime.dz+licence Cpanel,All products,SI
3289,STORM,All products,SI
3290,Bundel nouvelle acquisition,All products,SI
3291,option n'ternet 500DA,All products,SI
3292,Ligne contrat de service :CS 15/0415 S-S-FX-012 Fax to mail support @ayrade.com,All products,SI
3293,toner hp noir pack de toners p1566/p1606/mi536,All products,SI
3295,billet d'avion bouchouata seif eddine,All products,SI
3296,billet d'avion dehane habiba,All products,SI
3297,frais d'agence tva,All products,SI
3298,taxe de sejour,All products,SI
3299,blanchisserie,All products,SI
3300,location chambre hotel pension complète pour 3 personnes,All products,SI
3301,Hébergement windows 100 Go,All products,SI
3333,essai vehicule,All products,SI
3337,hebergement serveur netissime eco+ns202.netissime.dz,All products,SI
3341,hebergement serveur netissime first ns311.netissime.dz+licence cpanel,All products,SI
3422,montage rolleur up avec impression sur bache,All products,SI
3229,SERVEUR HP Proliant ML310e Gen8,All products,SI
3304,location chambre hotel pension complete pour de 2 personnes,All products,SI
3305,montant total des forfaits,All products,SI
3306,option internet,All products,SI
3307,paiement avance,All products,SI
3308,IP PHONE D30,All products,SI
3309,vidange vehicule symbole,All products,SI
3310,filtre à huile,All products,SI
3311,rondelle etancheite,All products,SI
3312,huile 15w40,All products,SI
3313,Dell Inspiron 3543‐2259 ‐ Core‐i5 5200U‐ 8G‐ 500GB‐ DVD RW ‐ Intel HD graphics ‐ Webcam ‐ WiFi ‐ Free Dos + Sacoche,All products,SI
3314,Dell Inspiron 3542‐ Core i3‐4005U‐ 4G‐ 500Go‐ DVD RW ‐Intel HD Graphic ‐ Webcam ‐ WiFi ‐ Free Dos + Sacoche,All products,SI
3315,Projet d'Organisation et de Mise à niveau : ,All products,SI
3323,support aout/ septembre,All products,SI
3317,Mapilab Toolbox ,All products,SI
3318,Mapilab Attachement Processor ,All products,SI
3319,support cae118 12/2015,All products,SI
3320,support aout/ septembre,All products,SI
3321,support aout/ septembre,All products,SI
3322,support aout/ septembre,All products,SI
3324,plaquettes de frein,All products,SI
3325,Fax national (5.5min ),All products,SI
3326,Organisation national (44.1998 ),All products,SI
3327,kit courroi,All products,SI
3328,courroi alternateur,All products,SI
3329,Kit Distribution,All products,SI
3330,remlacement courroie distribution,All products,SI
3346,licences serveur vps 82.196.25.5,All products,SI
3347,"Porte document avec forme de découpe ronde ,pelliculage mat sur le recto+un catalogue 8 pages format A4",All products,SI
3348,"Rolleur Up format 1,50x2,10cm avec impression",All products,SI
3377,Consommable carte badge,All products,SI
3349,IMPRIMANTE HP LASERJET MULTIFONCTION PRO M176N,All products,SI
3354,TELEPHONE GSM WIKO SUNSET 2 NOIR,All products,SI
3355,VPS CLOUD 3,All products,SI
3378,Installation formation logiciel,All products,SI
3351,SITE DYNAMIQUE,All products,SI
3360,casque 550 USB mono lynk,All products,SI
3362,point d'acces D-Link DAP-1360,All products,SI
3364,cables Rj45 10 metres,All products,SI
3365,mémoire DDR3 8Go,All products,SI
3366,busness,All products,SI
3367,busness control,All products,SI
3369,Elaboration fiche de poste. Recherche et sélection. Recrutement. Accompagnement.,All products,SI
3370,BELBACHIR MOHAMED LAMINE.ALG-CBH-ALG.Billet n°124 2405 280 840,All products,SI
3371,DEHANE HABIBA.ALG-CBH-ALG.Billet n°124 2405 280 841,All products,SI
3374,TERMINAL KEOPS Biométrique,All products,SI
3379,Installation materiel pointeuse et serveur,All products,SI
3380,Interface paye à réaliser selon rubriques,All products,SI
3397,agraffe 24/6,All products,SI
3398,colle glue pen 50 ml,All products,SI
3383,rame papier extra blanc,All products,SI
3385,pochette faras f 38 radio,All products,SI
3392,couvert page de garde neutre,All products,SI
3353,MAINTENANCE SITE WEB,All products,SI
3386,pile energizer max E91,All products,SI
3387,surligneur fluorescent,All products,SI
3389,gomme blanche,All products,SI
3390,rame papier extra blanc 80 grs,All products,SI
3391,cable HDMI/HDMI 5 m,All products,SI
3393,marqueur pour tableau blanc tete biseaute,All products,SI
3394,pochette faras F26 kraft,All products,SI
3395,tapis souris lux,All products,SI
3396,crayon noir embout (hb),All products,SI
3399,post-it 75*75 multi couleur 320 f,All products,SI
3400,boite archive personnalisée en carton avec tresse,All products,SI
3401,stylo correcteur tete metal,All products,SI
3402,LOCATION SALLE JUPITER,All products,SI
3403,Hp AIO 15 4 G 500 WIN 7,All products,SI
3404,origination national,All products,SI
3405,"fax national (6,5)",All products,SI
3406,origination national (55.0167 ),All products,SI
3407,fax national (13min),All products,SI
3408,originational national (462.02 min ),All products,SI
3409,licences serveur vps 82.196.25.4,All products,SI
3410,licences serveur vps 82.196.25.4.4,All products,SI
3411,licences serveur vps 82.196.254,All products,SI
3412,licences serveur vps 82.196.25.3,All products,SI
3413,licence serveur vps 82.196.25.6,All products,SI
3414,licence serveur vps 92.39.251.179,All products,SI
3415,licence serveur vps 82.196.25.5,All products,SI
3417,DYNAMIC WEBSITE,All products,SI
3418,WEB HOSTING ,All products,SI
3419,support CAE1 18 03/2016,All products,SI
3420,Support CAE1 14 03/2016,All products,SI
3421,location salon(3 fauteils+table),All products,SI
3447,"Rédaction Solutions,produits, Services",All products,SI
3448,Intégration et mise en forme sur le site ,All products,SI
3449,Tableau blanc sur trépied 70x100 cm ref 1521,All products,SI
3450,Toner laser 78 A,All products,SI
3451,TonerJet CE278AD 78A,All products,SI
3452,Hebergement en mode SaaS,All products,SI
3495,Contrat d'abonnement ligne téléphonique du 01/06/2016 au 31/05/2017,All products,SI
3483,Billet d'avion Bouida Djelloul. ORAN-ALGER,All products,SI
3484,Billet d'avion Bouida Djelloul.alger-TLEMCEN,All products,SI
3485,hebergement serveur pro ns322.netissime.dz(10320 DZD),All products,SI
3488,support CAE 1 18/06/2016,All products,SI
3491,version anglaise,All products,SI
3494,Abonnement ligne téléphonique du 01/06/2016 au 31/05/2017,All products,SI
3496,caisse enregistreuse,All products,SI
3497,Licence ZIMBRA COLLABORATION – NETWORK ,All products,SI
3500,HEBERGEMENT PLAN PARTICULIER,All products,SI
3501,CONTRAT ASSURANCE,All products,SI
3503,Support CAE 1 14 06/2016,All products,SI
3504,Assurance vehicule symbol du 22/07/2016 au 21/07/2017,All products,SI
3505,hebergement serveur premium ns 312.netissime.dz,All products,SI
3506,hebergement serveur premium ns 316.netissime+1 adresse ip,All products,SI
3507,chageur hp 19.5v.4.62A,All products,SI
3508,Disque dur SSD ADATA SATA3 ASX930 480 GO ASX930SS.-480GM-C,All products,SI
3509,Acquisition et intégration de certificat SSL pour la sécurisation des services Web d'Algérie Poste ,All products,SI
3510,Acquisition et intégration de certificat SSL pour la sécurisation des services Web d'Algérie Poste ,All products,SI
3513,ip @,All products,SI
3462,S7 LED VIEW COVER,All products,SI
3463,Renouvellement de contrat de location,All products,SI
3465,fax national,All products,SI
3466,origination national,All products,SI
3487,CAE 14& CAE 18 18 juin 2016,All products,SI
3489,Support CAE 1 14/06/2016,All products,SI
3490,conception sites web + intégration contenue,All products,SI
3498,Plugin Zimbra – compatibilité Outlook               ,All products,SI
3511,hebergement serveur premium ns316.netissime.dz+adresse ip,All products,SI
3514,climatiseur split systeme 12000 BTU JET cool anti moustique,All products,SI
3517,VISA Turquie,All products,SI
3518,Assurance voyage,All products,SI
3492,Traduction arabe,All products,SI
3512,Récupération Domaine,All products,SI
3479,timbre,All products,SI
3480,Frais de gestion,All products,SI
3481,Billet d'avion Belbachir Med Lamine et Messaoud Hichem,All products,SI
3482,3Billet d'avion Bouida Djelloul ORAN-ALGER,All products,SI
3486,ACHAT DIVERS,All products,SI
3551,cuisinière à 4 feux élégance  noir,All products,SI
3552,deb (local CA-E1-18),All products,SI
3553,debour(local CA-E1-14),All products,SI
3554,hebergement serveur premium ns 205.netissime.dz+4adresses ip,All products,SI
3555,licence serveur physique 82.196.25.122. licence CPANEL,All products,SI
3556,LICENCE SERVEUR PHYSIQUE 82.196.25.123.Licence CPANEL.,All products,SI
3557,CHANGEMENT DE PLAQUETTE DE FREIN,All products,SI
3558,REPARATION KLAXON,All products,SI
3559,Changement ampoules,All products,SI
3560,Location d'un stand<<Pack Freelance Senior>>.,All products,SI
3561,Publicité catalogue,All products,SI
3562,support CAE 1 18 06//2016,All products,SI
3580,Chemise couleur,All products,SI
3445,Rédaction du contenu ,All products,SI
3566,Equipement (Appliance de sécurité) anti DDoS,All products,SI
3567,Un outil de monitoring (hard& soft) pour un réseau « comme le PRTG ou similaire »,All products,SI
3568,casque VOIP jabra( usb),All products,SI
3569,adaptateur HDMI /VGA,All products,SI
3570,"Sac PC 15,6 POUCES",All products,SI
3571,Cable VGA 2 ml,All products,SI
3572,Carton de rame papier RAMOS,All products,SI
3573,Carton de rame papier EL-HILLAL,All products,SI
3574,Bloc notes à ressort,All products,SI
3575,Saccoche pour PC 17 pouce,All products,SI
3576,Batterie pour PC hp probook 45305,All products,SI
3577,Postit couleur,All products,SI
3578,Rouleaux de scotch GM,All products,SI
3579,TROMBONNE,All products,SI
3581,S/Cemise couleur,All products,SI
3582,ciseau,All products,SI
3589,Petits Carrés Milk Chocolate,All products,SI
3590,TCP,All products,SI
3591,traitement transport,All products,SI
3593,Casque 550 MS Mono Lync USB,All products,SI
3594,Cash,All products,SI
3595,Taxe Notariale,All products,SI
3596,enregistrement de l'acte notariale,All products,SI
3597,Insertion(BOAL) CNRC,All products,SI
3598,Inscription de Nantissement au CNRC,All products,SI
3599,Insertion(BOAL) CNRC,All products,SI
3600,chargeur samsung sans fil(NFC).,All products,SI
3609,Création graphique logotype+charte graphique complete,All products,SI
3608,Abonnement store silver,All products,SI
3611,Logo 10 ans AYRADE,All products,SI
3612,FB Ads portéee entre 120000 et 160000,All products,SI
3622,Tapis souris silicon dif couleur DW,All products,SI
3623,"dvd6r vierge 4,7 GB/120MIN/16X",All products,SI
3624,Rolido n°16 blanc,All products,SI
3625,DEVIDOIR RUBAN ADHESIF FIX MAX,All products,SI
3626,"dvd-R vierge 4,7 GB/120MIN/16X",All products,SI
3338,hebergement serveur netissime premium ns205.netissime.dz+4adresses ip,All products,SI
3628,Revision 2 filtres ,All products,SI
3629,Remlacement de roulement avant ,All products,SI
3630,"Remlacement de roulement avant, klaxon, plafonier",All products,SI
3631,Code radio,All products,SI
3633,Reception banquet et boisson,All products,SI
3635,Pack Discount Mutu 1200 DZD/mois Discount Partenaire 20%:960 DZD/mois,All products,SI
3632,Relation Presse : ,All products,SI
3634,Recrutement de fans FB ads+rapport de compagne,All products,SI
3637,litige ligne 0232020,All products,SI
3640,kit roulemet,All products,SI
3655,hebergement serveur pro ns322.netissime.dz(10320 DZD),All products,SI
3656,Hebergement serveur premium ns507 datagix.com,All products,SI
3659,Debours CA-E1-18,All products,SI
3660,Debours CA-E-14,All products,SI
3661,TVA sur autres prod§PREST 19%,All products,SI
3663,Accomodation,All products,SI
3664,support CAE 1 18 04/2017,All products,SI
3665,support CAE 1 14 04/2017,All products,SI
3666,Droit d'inscription,All products,SI
3667,Location emplacement couvert,All products,SI
3668,Montage du stand,All products,SI
3669,coll entrain,All products,SI
3670,kit courroie,All products,SI
3671,remplacement courroie distribution,All products,SI
3672,remplacement courroie d'accessoire,All products,SI
3673,remplacement 4 bougies d'allumage,All products,SI
3674,Licences d'application : pPanel,All products,SI
3677,cpanel,All products,SI
3678,Ram HP 8GB(1x8GB) Dual Rank x 8 PC3-12800E pour ML310e,All products,SI
3681,Location serveur First ns509.datagix.com,All products,SI
3682,Hébergement serveur PRO ns508.datagix.com,All products,SI
3683,LOCATION de 4 IP,All products,SI
3676,Licence mail wizz,All products,SI
3694,Charge de gaz freon pour climatiseur,All products,SI
3695,Honoraires Avocat,All products,SI
3696,Frais d'enregistrement,All products,SI
3699,Chauffeuse simili cuir,All products,SI
3700,Chauffe pieds,All products,SI
3701,Ceinture amincissante,All products,SI
3702,Frais d'expedition,All products,SI
3703,Rame de papier,All products,SI
3704,Rolido n°8 noir,All products,SI
3705,Rolido n°04,All products,SI
3706,Rolido n°04 blanc,All products,SI
3707,Sticky note,All products,SI
3708,Sticky note ref 9654-39,All products,SI
3709,Boite d'archive,All products,SI
3710,Agraffe,All products,SI
3711,Ota graffe,All products,SI
3712,Cachet rond,All products,SI
3713,Enveloppe,All products,SI
3714,Comptes sociaux,All products,SI
3715,Climatiseur GCM 24 000 BTU,All products,SI
3716,Bureau semi directionnel,All products,SI
3717,Armoire basse,All products,SI
3718,chaffeuse simili cuir,All products,SI
3719,bureau gris,All products,SI
3720,Toner HP 85 A noir Pack de 2 toners,All products,SI
3721,Toner hp noir 78  A 1606 DN Compatible,All products,SI
3722,Idoom F Jusqu'à 8M ,All products,SI
3723,Assurance automobile,All products,SI
3724,"Serveur Privé VM ( EG) CPU : 8 Go de mémoire Connectivité de 10 Mbps - Trafic illimité DISQUE DURE 500 GO OS : Linux,",All products,SI
3725,"Serveur Privé VM ( EG) CPU : 4 Go de mémoire Connectivité de 10 Mbps - Trafic illimité DISQUE DURE 500 GO OS : Linux,",All products,SI
3726,Litige 021100506,All products,SI
3727,Onduleur nitream 600 va,All products,SI
3728,Multiprises Legrand 6 pris1.5m,All products,SI
3729,Adaptateur onduleu7,All products,SI
3730,Multiprises Legrand 3 prises 3 m,All products,SI
3731,Souris HP Optique USB,All products,SI
3732,"Serveur Privé VM ( EG) CPU : 4 Go de mémoire Connectivité de 10 Mbps - Trafic illimité DISQUE DURE 200 GO OS : Linux,",All products,SI
3733,Mobile ARCHOS 50 C Platinium (DV) IMEI: 354374072757611,All products,SI
3734,Mobile WIKO SUNNY ( DV) IMEI: 354515084343796,All products,SI
3735,RAM 8Go pour laptop hp 2000,All products,SI
3738,Carte réseau PCI-Express TP-Link 10/100/1000,All products,SI
3739,Convertisseur SAS/SATA converti a 29-pin SFF-8482SAS connecteur vers 7-pin SATA,All products,SI
3740,Routeur ADSL 2/2+IIN 300 MBPS USB PORTS,All products,SI
3742,PRISE LEGRAND APPARENTE SANS NOYAU,All products,SI
3744,SUPPORT POUR FIXATION A VI,All products,SI
3746,pLAQUE PROGRAMME MOSAIC,All products,SI
3747,Cable UTP CAT6 pvc b305b,All products,SI
3749,Pile Casino BP4 AAA,All products,SI
3751,Vanilio,All products,SI
3752,PC HP Pavillon 550-000nkm iS-4460S RAM 10,All products,SI
3753,assurance voyage,All products,SI
3754,Reservation d'hotel,All products,SI
3755,Rendez-vous visa,All products,SI
3756,Gestion de publication Facebook/Instagram,All products,SI
3757,rapport Hebdomadaire + mensuel ,All products,SI
3759,Portable hp ProBook 450 G4 Intel Core I5-7200u Ram 8GB HDD 1T0 VGA NVIDIA,All products,SI
3760,Fax National(49 M),All products,SI
3761,Origination National(15mn) mois d'Avril 2017,All products,SI
3762,Orignation International(3 mn),All products,SI
3763,Orination National(5 mn) mois de mai2017,All products,SI
3764,Origination(5 Mn) mois de mai 20172017,All products,SI
3765,Origination Nationale(41mn)mois de juin 2017,All products,SI
3766,"Origination National (183,50mn) mois de mars 2017",All products,SI
3767,"Origination International(3,50mn) mois de mars 2017",All products,SI
3768,Hébergement hotel,All products,SI
3770,Droit de timbre,All products,SI
3771,Banner Rollup,All products,SI
3772,Banner Rollup-Solvant,All products,SI
3773,Banner - Solvant,All products,SI
3774,Porte brochure textible pliable,All products,SI
3777,litige 021100519,All products,SI
3778,Ligne téléphonique 021495087,All products,SI
3779,Taxe sur autres produits§prestations,All products,SI
3780,service d'hébergement dans le data center dz,All products,SI
3781,Stylo bleu,All products,SI
3800,Main d'oeuvre,All products,SI
3801,"Imprimante canon MFP laser couleur MF631 CN A4, USB, ETHERNET",All products,SI
3802,"Serveur Privé VM ( EG) CPU : 10 Go de mémoire Connectivité de 10 Mbps - Trafic illimité DISQUE DURE 150 GO OS : Linux,",All products,SI
3803,Redevance de consommation individuelle d'électricité,All products,SI
3804,Service d'hèbergement dans le data center dz Dècembre 201,All products,SI
3805,Service d'hébergement dans le data center dz Janvier 2018,All products,SI
3806,Ligne mixte 021 49 50 87,All products,SI
3807,Bloc note à spiral A4,All products,SI
3808,Bloc note à spiral A5,All products,SI
3809,Store enrouleur en tissu,All products,SI
3810,Honoraire d'assistance comptable:Déclarations fiscales,All products,SI
3811,tratement des salaires,All products,SI
3812,Déjeuner (buffet).,All products,SI
3814,Annulation du registre de commerce,All products,SI
3815,Renouvellement du registre de commerce,All products,SI
3816,Modification du statut de la Sarl,All products,SI
3817,Imprimante canon,All products,SI
3825,Certificat SSL let's oncrypt,All products,SI
3818,"Serveur Privé VM ( EG) CPU : 2 Ghz RAM : 1 Go de mémoire Connectivité de 10 Mbps - Trafic illimité DISQUE DURE100Go OS : Linux,",All products,SI
3820,"[WS290] ESCENE WS290 WiFi IP Phone SIP 2.0, HD Voice 2xRJ45, PoE, Répertoire 500, LDAP, XM",All products,SI
3821,Boite de 500 enveloppes,All products,SI
3822,TONER HP 83A COLERJET,All products,SI
3824,onduleur 800VA SOCOMEC,All products,SI
3838,SMART PHONE VOX ENERGY,All products,SI
3875,Pack Open Bee™ Portal - 5 utilisateurs + 1 an de contrat de maintenance logicielle inclus,All products,SI
3877,1 License Open Bee Scan Bar Code Manager + 1 an de maintenance ,All products,SI
3878,Services,All products,SI
3879,Complément de caution de garantie,All products,SI
3880,CRYPTAGE DE DONNÉES DOMAINE,All products,SI
3881,Réalisation de stan,All products,SI
3882,Réalisation de stand,All products,SI
3883,EFAX,All products,SI
3884,Prestation de service sur MACBOOK AIR 13 INCH,All products,SI
3885,TV LED 55 G UHD ANDROID,All products,SI
3886,assurance stand foire,All products,SI
3887,accessoires,All products,SI
3888,FRAIS D'INTERVENTION,All products,SI
3889,Solde a la facture précédente,All products,SI
3890,Numérisation des Fonds ( Classeurs après tri et nettoyage ),All products,SI
3891,"Numérisation des Fonds ( Boites archives finances, controles, etc )",All products,SI
3847,Toner hp noir 78 A,All products,SI
3848,Ecran 15.6 LED pour Laptop 30 pin,All products,SI
3849,Ram DDR3 8 GB Laptop NANYA,All products,SI
3850,Cable FTP CAT6 3m,All products,SI
3851,Multiprise EATON Protection Strip 6 Prises fr,All products,SI
3852,Cable Alimentation 3M,All products,SI
3853,KASPERKKY Internet Sécurity4,All products,SI
3854,MODULES ERP,All products,SI
3855,Portable hp 15 AYO72 13-6006U,All products,SI
3856,Souris hp X1500 Filaire,All products,SI
3857,Pack congréssiste à l'ACSS du 3 au 5/04/20189,All products,SI
3858,SALON 05 PLACES SIMILI CUIR ACC BOIS,All products,SI
3860,Vidange moteur et entretien périodique,All products,SI
3861,VPS 3,All products,SI
3862,REVENDEUR 5,All products,SI
3863, Récupération Domaine,All products,SI
3864,Envoi courrier à SKIKDA,All products,SI
3865,Formation iso 27001 Lead Implementer ,All products,SI
3866,SERVEUR HP ProLiant DL380 Gen9,All products,SI
3871,Etude de l'existant et conception de la solution,All products,SI
3868,Carte PVC mono vierge,All products,SI
3869,Ruban couleur smart 30S UV 200,All products,SI
3870,Lecteur code barre 2D IDIPOS MP725,All products,SI
3872,"Identification, Classement, Nettoyage des Archives et organisation de la Salle",All products,SI
3873,Traitement des archives,All products,SI
3874,Numérisation des Fonds « Dossiers du personnel»  et mise en solution GED,All products,SI
3876,1 Licence Open Bee™ Scan (par Poste supplémentaire) + 1 an de maintenance ,All products,SI
3905,1 Licence Open Bee ERP Manager,All products,SI
3908,Disque dur 4 TO Western Digital RED,All products,SI
3912,SSL Web Server Certificates,All products,SI
3913,Fomulaire de devis en ligne ,All products,SI
3914,Générateur de devis en ligne ,All products,SI
3915,Pack rédaction professionnel,All products,SI
3919,Achat de fourniture de bureau,All products,SI
3920,Licence CAL SQL Server,All products,SI
3921,QNAP SERVEUR NAS STOCKAGE,All products,SI
3922,QNAP: BAIE DE STOCKAGE TS-653A-4G-EU,All products,SI
3923,SLA ( Service Level Agreement ),All products,SI
3924,Renouvellement assurance tous risques du 23/07/2018 au 22/07/2018,All products,SI
3925,"[T19P E2] YEALINK - T19P E2 IP PHONE - SIP 2.0, HD Voice 2xRJ45, PoE, Répertoire 500, LDAP, XML",All products,SI
3926,"[T46S] YEALINK - T46S IP PHONE - SIP 2.0, HD Voice, ECRAN COULEUR 2xRJ45 GB, PoE, Skype For Business, LDAP, XML",All products,SI
3927,"EXT - YEALINK EXP40 Module d'extension Yealink 20 Touches, 40 Raccourcis, ECRAN LCD 160x320",All products,SI
3928,"[CP860] YEALINK - CP860 IP Phone conférence autonome, pouvant être combiné avec d'autre téléphones IP de la gamme Yealink Créer ",All products,SI
3929,prime de gestion,All products,SI
3930,FGA,All products,SI
3931,Timbre gradué et timbre de dimension,All products,SI
3932,redevance ligne fixe 021495087,All products,SI
3933,debours,All products,SI
3934,"ASSISTANCE ADMINISTRATIVE: - Gestion du service social (declaration CNAS, cessation, carte chiffa,... etc). - Conseil et accompa",All products,SI
3937,PLAQUETTES DE FREIN AV: DEPOSER ET REPOSER,All products,SI
3939,HUILE CASTROL MAGNATEC Pr L208,All products,SI
3940,Huile castrol magnatec Pr L208 5w40,All products,SI
3942,CART. FILT,All products,SI
3943,1 Serie de plaquette de frein,All products,SI
3945,débours,All products,SI
3946,TRAITEMENT ET TRANSPORT ,All products,SI
3947,SMARTPHONE VOX ENERGY taille ecran 5HD/ RAM/ROM: 1GO/16GO/ BATTERIE 4000MAH,All products,SI
3948,PC Portable HP 15 I3-6006u,All products,SI
3949,Sacoche hp 15.6 prélude ROW,All products,SI
3951,0365BsnessEssentials ShrdSvr SNGL SubsVL OLP NL,All products,SI
3952,Delais de livraison 72 h a recption du bc,All products,SI
3953,MS9F5-00003,All products,SI
3954,2 Billt ALG-CZL-ALG,All products,SI
3955,EXPOSITION_2018 - Exposition Algeria 2.0 2018 Location de stands a la sixième édition d’Algérie 2.0 du 4 au 8 Décembre 2018 a l',All products,SI
3963,Certified Ethical Hacker,All products,SI
3964,IMPRESSION CARTE DE VISITE,All products,SI
3965,Traitement des archives et numérisation,All products,SI
3966,"Conception, developpement, paramétrage et mise en oeuvre de l'application GREFFE NG (Français, Arabe)",All products,SI
3967,Maintenance corrective ,All products,SI
3968,Réversion ou transportabilité des acquis ,All products,SI
3969,PARE FEU CYBEROAM ,All products,SI
3970,ARMOIRE DE BRASSAGE ,All products,SI
3971,INSTALLATION CONTRÔLE DE DOMAINE,All products,SI
3972,DÉPLOIEMENT VM ,All products,SI
3973,CONFIGURATION BAIE DE STOCKAGE,All products,SI
3974,"Zimbra Collaboration Suite Perpetuel 300,00 6 620,00 1 986 000,00 Professional Edition (per mailbox, perpetual, 250 - 2,499 mail",All products,SI
3975,"Zimbra Collaboration Suite PerpetuelProfessional Edition (per mailbox, perpetual, 250 - 2,499 mailboxes)",All products,SI
3976,"Zimbra Collaboration Suite - SupportProfessional Edition (per mailbox, perpetual - Standard Support, 250 - 2,499 mailboxes) Duré",All products,SI
3977,Services professionnels d'ingénierie (Zimbra)Installation et configuration de la nouvelle plateforme Zimbra Test et mise en marc,All products,SI
3978,PLATE FORME ABEF,All products,SI
3979,"Bureau 120 cm gris, piétements bois",All products,SI
3980,Caisson roulant a 03 tiroirs gris gamme LOTUS,All products,SI
3981,"Fauteuil directionnel en simili cuir noir avec accoudoirs, piétement chromé a cinq branches ",All products,SI
3982,Rame de papier HILLAL A4 rouge,All products,SI
3983,Rame de 100 chemise cartonnée 180g,All products,SI
3986,Agraveuse Novus B1 noir,All products,SI
3987,Tapis de souris simple,All products,SI
3988,Post it fantastick 76.2x76.4 couleur,All products,SI
3991,Boite de trombones DINGLI 33mm 100pcs,All products,SI
3998,Changement carte mère probook 470G4,All products,SI
3999,pORTABLE hp 15 BS033NK Intel Core,All products,SI
4000,Portable HP 15 intel Core15,All products,SI
4001,Multiprise EATON PROTECTION STRIP 6,All products,SI
4004,COMPTEUSE DE BILLET PLUS P 30,All products,SI
4006,"Swich TP-LINK 16 port, Gigabit 10/100/1000M,1U rack-mountable",All products,SI
4009,SCANNER HP Scanjet Pro 2500 f1 20ppm/40ipm one pass duplex scanning chargeur 50 feuilles,All products,SI
4010,"SERVEUR HP DL 380p Gen8 E5-2620 RAM 16Go P420/Go DISQUE DUR *300GO  10K SAS SFF 2.5"" Alimentation 1X460 WATTS",All products,SI
4012,Fourniture d'un cachet rond TRODAT,All products,SI
4013,Changement de gomme,All products,SI
4023,Stratégie et marketing digital (17/23/24 novembre),All products,SI
4025,"Remplacement de Filtre à air, roulement, kit de chaine de distribution, courroie et bougies",All products,SI
4027,JX945A- ARUBA IAP-305 (RW) 802 11/ac DUAL 2x2: 2/3x3:3 MU-MIMO Radio integrated antenna instant AP,All products,SI
4030,Gomme pour cachet rond,All products,SI
4031,Gomme pour cachet rond80,All products,SI
3994,Baguette relido N°03 noir,All products,SI
3995,Baguette relido N°04 noir,All products,SI
3996,Jeux de 4 marqueurs flueurissant DELI multicouleurs,All products,SI
3997,Rame de 250 sous chemise différentes couleurs MODUS,All products,SI
4002,SWITCH TP-LINK 8 PORTS 10/100,All products,SI
4003,Toner compatible 435A-436-285A-278A,All products,SI
4005,Achat de pièces détachées pour véhicule de service Renault Sym,All products,SI
4011,SWITCH CISCO SF 220 48 Ports 10/100 Smart plus,All products,SI
4021,Service d'installation sur site (1 jour/Frais de déplacement & hébergement non inclus),All products,SI
4022,Audit documentaire sur site + rédaction du CDC (1 jour/Frais de déplacement & hebergment non inclus),All products,SI
4024,Nettoyage automobile sur site,All products,SI
4026,Consommation electricité,All products,SI
4028,"AP-200-MNT-W2- Aruba access Point Mount Kit for AP-200 Series (box style, secure, flat surface). Color: white",All products,SI
4029,Cachet confectionné TRODAT,All products,SI
4032,Hébergement annuel de la messagerie professionnelle,All products,SI
4035,EXCHANGE ONLINE PLAN 2,All products,SI
4038,Billet Jijel/ Alger,All products,SI
4037,"Serveur Privé VM ( EG) CPU : 12 Go de mémoire Connectivité de 10 Mbps - Trafic illimité DISQUE DURE 500 GO OS : Linux,",All products,SI
4040,Banner -Solvant,All products,SI
4043,Serveur HP Proliant DL380 Gen9 ,All products,SI
4045,ONDULEUR APC BACK-UPS 700VA 230 VA AVR 3 PRISES,All products,SI
4046,ONDULEUR APC BACK-UPS PRO 1500 230V POWER SAVING,All products,SI
4047,"IMPRIMANTE CANON MFP LASER COULEUR MF631 CN A4, USB, ETHERNET",All products,SI
4048,"panneau intercalaireguide cord, 1U 19"" rack",All products,SI
4049,"Cordon CAT 6 FTP, LONG 5 M ",All products,SI
4050,CORDON CAT 6 FTP LONG1 ML,All products,SI
4051,"VENTILLATION TIROIR, 1 U 19"", 4 VENTILATEURS ",All products,SI
4052,ACER ES1- 572 I3 -6006U 4 Go 500 Go 15.6’’ FREEDOS INTE HD GRAPHICS,All products,SI
4053,Lenovo ideapad 320 I3 6006u 4 Go 1000 Go/DVDRW 15.6’’ FREEDOS INTEL HD,All products,SI
4054,DELL INS 3567 I3-6006U 4 Go 500 GO 15.6’’ FREEDOS HD,All products,SI
4055,PC DELL OPT 3050 I3 7100 4 Go 500GO/DVDRW 19.5 CLAV+SOURIS/FREE,All products,SI
4056,KASPERSKY INTERNET SECURITY 3 POSTES,All products,SI
4057,"PCPORTABLE HP 15 BS034NK Intel Core i5-7200U, 7é generation 3,1 GHz 6GO/1To/CG - 520 AMD Radeon 2 Go 15.6",All products,SI
2955,Intégration Système OpenERP ,All products,SI
3060,SERVEUR DEDIE 5,Serveur,SI
3602,SERVEUR DEDIE 6,Serveur,SI
3039,SERVEUR DEDIE 4,Serveur,SI
2804,SERVEUR DEDIE 3,Serveur,SI
3467,Restitution de la retenue de garantie,All products,SI
4105,PC ALL IN ONE TACTILE OKPOS OPTIMUS SSD64/4G,Matériel,SI
4106,IMPRIMANTE TICKET SAMRT POS USB P80 ,Matériel,SI
4107,LECTEUR A MAIN SMRT POS SP-1500U,Matériel,SI
4111,Hôtel,Achat,Marketing
4108,TIROIR CAISSE SMART POS STANDARD RJ11/410,Matériel,SI
4109,AFFICHEUR CLIENT VFD P2C 2 LIGNES ,Matériel,SI
4110,Cloud Public,Cloud Computing,SI
3826,Certificats SSL SAN,SSL,SI
4115,Service Maintenance SG 330 FullGuard ,Matériel,SI
4112,Microsoft Office 365 (F1),Office 365,SI
4113,Office 365 (F3),Office 365,SI
4114,Retrait CDC,Expenses,Marketing
2982,Serveur HP ProLiant DL380 GEN10,Matériel,SI
